{"cameraMode":{"drawMode":0,"name":"Shaded","section":"Shading Mode"},"sceneLighting":false,"audioPlay":false,"sceneViewState":{"showFog":true,"showMaterialUpdate":false,"showSkybox":false,"showFlares":true,"showImageEffects":true,"showParticleSystems":true},"in2DMode":false,"pivot":{"x":-3.450000047683716,"y":0.12000000476837158,"z":0.0},"rotation":{"x":0.027331603690981866,"y":-0.006275862455368042,"z":0.00017306581139564514,"w":0.9996091723442078},"size":5.30241584777832,"orthographic":false}