{"cameraMode":{"drawMode":0,"name":"Shaded","section":"Shading Mode"},"sceneLighting":false,"audioPlay":false,"sceneViewState":{"showFog":true,"showMaterialUpdate":false,"showSkybox":false,"showFlares":true,"showImageEffects":true,"showParticleSystems":true},"in2DMode":false,"pivot":{"x":137.96664428710938,"y":387.52386474609377,"z":166.815185546875},"rotation":{"x":-0.28001847863197329,"y":0.0042850724421441559,"z":-0.001231505535542965,"w":-0.9600101709365845},"size":10.0,"orthographic":false}