{"cameraMode":{"drawMode":0,"name":"Shaded","section":"Shading Mode"},"sceneLighting":true,"audioPlay":false,"sceneViewState":{"showFog":true,"showMaterialUpdate":false,"showSkybox":true,"showFlares":true,"showImageEffects":true,"showParticleSystems":true},"in2DMode":false,"pivot":{"x":-5.410647869110107,"y":1.5,"z":89.93379211425781},"rotation":{"x":0.09606745839118958,"y":-0.04952738806605339,"z":0.004787376616150141,"w":0.9941326975822449},"size":14.115498542785645,"orthographic":false}