{"cameraMode":{"drawMode":0,"name":"Shaded","section":"Shading Mode"},"sceneLighting":false,"audioPlay":false,"sceneViewState":{"showFog":true,"showMaterialUpdate":false,"showSkybox":false,"showFlares":true,"showImageEffects":true,"showParticleSystems":true},"in2DMode":false,"pivot":{"x":-7.475463390350342,"y":0.6019649505615234,"z":0.059613943099975589},"rotation":{"x":0.013177205808460713,"y":-0.044704463332891467,"z":-0.0005909032188355923,"w":-0.9989279508590698},"size":1.9141428470611573,"orthographic":false}