{"cameraMode":{"drawMode":0,"name":"Shaded","section":"Shading Mode"},"sceneLighting":false,"audioPlay":false,"sceneViewState":{"showFog":true,"showMaterialUpdate":false,"showSkybox":false,"showFlares":true,"showImageEffects":true,"showParticleSystems":true},"in2DMode":false,"pivot":{"x":-2.4700000286102297,"y":1.1699999570846558,"z":0.0},"rotation":{"x":0.06913064420223236,"y":0.06551682204008103,"z":-0.004548479337245226,"w":0.9954457879066467},"size":5.153379917144775,"orthographic":false}