{"cameraMode":{"drawMode":0,"name":"Shaded","section":"Shading Mode"},"sceneLighting":true,"audioPlay":false,"sceneViewState":{"showFog":true,"showMaterialUpdate":false,"showSkybox":true,"showFlares":true,"showImageEffects":true,"showParticleSystems":true},"in2DMode":false,"pivot":{"x":-5.1703619956970219,"y":0.49707484245300295,"z":8.812938690185547},"rotation":{"x":-0.008664378896355629,"y":-0.0002784418174996972,"z":-9.101476621253823e-7,"w":0.9999639391899109},"size":8.965384483337403,"orthographic":false}